{"cameraMode":{"drawMode":0,"name":"Shaded","section":"Shading Mode"},"sceneLighting":true,"audioPlay":false,"sceneViewState":{"showFog":true,"showMaterialUpdate":false,"showSkybox":true,"showFlares":true,"showImageEffects":true,"showParticleSystems":true},"in2DMode":false,"pivot":{"x":-0.033768653869628909,"y":0.14217805862426759,"z":-0.14970463514328004},"rotation":{"x":-0.06331083923578263,"y":0.7092760801315308,"z":-0.0642295703291893,"w":-0.6991379261016846},"size":10.0,"orthographic":false}